CustomerID,Age,Gender,Income,Category,Spending,TransactionDate
1,56,Male,59753,Clothing,667.58,2023-02-15
2,69,Male,77825,Groceries,882.87,2023-07-12
3,46,Male,97903,Groceries,815.98,2023-02-27
4,32,Female,52036,Healthcare,688.28,2023-04-21
5,60,Male,52658,Electronics,119.33,2023-05-09
6,25,Male,75662,Travel,296.3,2023-12-03
7,38,Male,70228,Travel,316.71,2023-07-13
8,56,Female,87700,Groceries,257.46,2023-12-06
9,36,Female,68758,Travel,519.86,2023-11-22
10,40,Male,54610,Groceries,540.2,2023-01-08
11,28,Male,68859,Healthcare,363.32,2023-01-29
12,28,Male,76630,Electronics,360.25,2023-04-22
13,41,Male,72307,Healthcare,830.27,2023-06-10
14,53,Female,67609,Clothing,791.4,2023-05-11
15,57,Female,76000,Clothing,314.72,2023-07-07
16,41,Female,77539,Clothing,914.65,2023-06-12
17,20,Female,80732,Healthcare,953.29,2023-07-16
18,39,Male,69730,Travel,333.48,2023-12-30
19,19,Male,57493,Electronics,360.88,2023-07-23
20,41,Male,62200,Clothing,510.58,2023-07-31
21,61,Female,78097,Clothing,941.71,2023-04-19
22,47,Male,47745,Clothing,877.56,2023-10-03
23,55,Female,65530,Electronics,111.54,2023-03-14
24,19,Female,54099,Clothing,398.8,2023-06-16
25,38,Male,60431,Electronics,557.84,2023-09-17
26,50,Male,79176,Clothing,508.1,2023-08-31
27,29,Male,62866,Healthcare,201.92,2023-10-02
28,39,Female,60696,Healthcare,860.23,2023-04-12
29,61,Male,39602,Electronics,680.17,2023-06-22
30,42,Female,71193,Healthcare,839.53,2023-06-20
31,66,Male,69682,Electronics,860.18,2023-05-21
32,44,Female,92448,Healthcare,750.87,2023-07-07
33,59,Female,55383,Healthcare,444.82,2023-03-27
34,45,Male,63287,Electronics,614.44,2023-02-21
35,33,Female,63740,Travel,168.76,2023-04-21
36,32,Female,83661,Healthcare,676.91,2023-12-31
37,64,Male,58570,Clothing,187.46,2023-12-08
38,68,Female,64185,Travel,697.01,2023-02-12
39,61,Male,69118,Electronics,237.3,2023-07-30
40,69,Female,62799,Travel,126.38,2023-07-19
41,20,Male,53303,Groceries,173.63,2023-10-25
42,54,Male,62911,Groceries,11.97,2023-12-12
43,68,Female,76104,Healthcare,721.55,2023-08-28
44,24,Female,44602,Healthcare,735.08,2023-04-25
45,38,Female,61994,Clothing,519.78,2023-01-26
46,26,Female,49498,Travel,169.75,2023-10-26
47,56,Female,77925,Groceries,92.72,2023-03-18
48,35,Male,37152,Healthcare,28.94,2023-05-17
49,21,Female,51616,Travel,174.09,2023-01-20
50,42,Male,65658,Healthcare,891.95,2023-07-30
51,31,Male,83482,Healthcare,249.12,2023-08-28
52,67,Female,59013,Groceries,360.73,2023-02-08
53,26,Male,51672,Groceries,114.29,2023-09-25
54,43,Male,88217,Healthcare,230.14,2023-07-26
55,19,Male,38279,Electronics,524.03,2023-09-24
56,37,Male,27017,Healthcare,611.68,2023-06-03
57,45,Female,66600,Healthcare,252.9,2023-02-11
58,64,Male,52469,Clothing,67.15,2023-01-11
59,24,Female,44681,Clothing,397.12,2023-10-21
60,61,Female,70625,Clothing,241.86,2023-04-08
61,25,Male,63657,Electronics,227.36,2023-10-02
62,64,Female,51538,Electronics,960.26,2023-08-18
63,52,Female,40795,Healthcare,620.14,2023-08-08
64,31,Female,73086,Clothing,561.31,2023-03-06
65,34,Male,69753,Electronics,421.62,2023-12-21
66,53,Female,58512,Groceries,434.65,2023-08-20
67,67,Female,87699,Healthcare,545.5,2023-11-24
68,57,Female,43948,Travel,699.47,2023-02-21
69,21,Male,37117,Healthcare,705.12,2023-09-20
70,19,Female,49621,Travel,179.98,2023-09-24
71,23,Male,59316,Clothing,505.11,2023-12-25
72,59,Male,63650,Travel,417.84,2023-11-13
73,21,Male,56381,Clothing,871.82,2023-11-20
74,46,Male,65280,Groceries,635.1,2023-06-03
75,35,Male,41226,Travel,537.18,2023-12-24
76,43,Male,81656,Healthcare,124.24,2023-05-20
77,61,Female,58767,Clothing,609.58,2023-02-20
78,51,Male,76759,Healthcare,126.03,2023-04-27
79,27,Female,65140,Electronics,343.83,2023-02-15
80,53,Female,66851,Clothing,151.41,2023-11-05
81,31,Male,68546,Travel,695.15,2023-03-29
82,48,Female,66715,Clothing,214.19,2023-07-27
83,65,Female,69640,Healthcare,397.94,2023-09-26
84,32,Female,79937,Groceries,896.72,2023-03-30
85,25,Female,62947,Clothing,212.27,2023-04-28
86,31,Male,70635,Travel,512.73,2023-02-23
87,40,Female,58653,Electronics,425.08,2023-04-26
88,57,Male,81601,Groceries,27.94,2023-04-28
89,38,Female,49854,Electronics,794.83,2023-09-17
90,33,Female,87014,Clothing,78.36,2023-03-16
91,62,Male,59397,Healthcare,479.51,2023-11-01
92,35,Female,38538,Healthcare,565.07,2023-01-07
93,64,Female,61921,Travel,632.14,2023-05-02
94,41,Female,49784,Healthcare,691.75,2023-01-11
95,43,Male,72609,Groceries,260.74,2023-12-14
96,42,Female,50210,Healthcare,19.88,2023-08-03
97,62,Male,53307,Travel,726.21,2023-10-06
98,58,Female,31656,Clothing,540.3,2023-01-28
99,46,Male,53215,Clothing,837.76,2023-08-23
100,32,Male,23641,Healthcare,823.17,2023-11-09
101,62,Female,36241,Electronics,844.89,2023-01-26
102,18,Female,71406,Clothing,490.24,2023-02-23
103,42,Male,71787,Healthcare,340.29,2023-01-29
104,24,Male,66381,Travel,793.64,2023-12-19
105,26,Female,45495,Healthcare,456.78,2023-06-13
106,41,Male,59284,Clothing,191.61,2023-09-27
107,18,Female,59945,Travel,856.42,2023-11-30
108,61,Female,42624,Healthcare,883.73,2023-02-04
109,25,Female,82550,Groceries,471.65,2023-10-13
110,41,Female,73160,Travel,84.94,2023-12-14
111,28,Male,56685,Groceries,393.95,2023-09-30
112,68,Female,60403,Electronics,805.5,2023-07-27
113,34,Male,63125,Travel,902.76,2023-08-26
114,25,Female,29373,Groceries,211.44,2023-04-03
115,52,Male,56292,Clothing,76.3,2023-06-22
116,52,Female,49770,Clothing,878.58,2023-03-20
117,50,Male,44975,Electronics,395.51,2023-04-20
118,22,Male,55783,Travel,546.34,2023-08-05
119,59,Female,86965,Travel,968.39,2023-12-24
120,56,Female,69612,Travel,75.9,2023-04-16
121,58,Female,51432,Electronics,651.83,2023-02-16
122,45,Female,68588,Travel,83.36,2023-06-30
123,24,Male,80990,Clothing,381.71,2023-03-05
124,26,Female,73869,Groceries,805.78,2023-09-03
125,25,Male,60894,Clothing,439.14,2023-09-01
126,29,Male,50295,Clothing,997.21,2023-11-16
127,51,Female,70473,Groceries,563.47,2023-03-28
128,50,Male,65902,Clothing,327.95,2023-08-05
129,65,Male,73427,Electronics,227.91,2023-01-07
130,40,Male,69527,Groceries,357.02,2023-10-05
131,41,Male,75743,Clothing,378.81,2023-12-03
132,54,Female,51971,Healthcare,78.03,2023-07-29
133,52,Female,79760,Clothing,375.88,2023-06-18
134,61,Female,62963,Electronics,469.6,2023-11-26
135,57,Female,91128,Travel,725.51,2023-05-18
136,39,Male,49662,Clothing,660.16,2023-11-02
137,44,Male,86039,Travel,711.68,2023-08-18
138,52,Female,62968,Healthcare,18.28,2023-11-04
139,18,Female,50228,Clothing,225.49,2023-06-10
140,52,Female,52741,Groceries,665.07,2023-01-01
141,54,Male,55194,Travel,489.15,2023-08-24
142,64,Female,66362,Healthcare,15.26,2023-07-07
143,31,Female,67842,Groceries,806.45,2023-01-04
144,20,Female,51394,Groceries,775.08,2023-05-12
145,18,Male,59634,Groceries,552.93,2023-08-06
146,22,Male,92134,Groceries,75.8,2023-09-17
147,43,Male,85913,Clothing,768.85,2023-01-01
148,31,Male,66544,Clothing,587.88,2023-03-12
149,56,Male,60570,Clothing,784.14,2023-06-27
150,44,Male,61800,Healthcare,754.23,2023-07-08
151,26,Male,69202,Healthcare,804.97,2023-10-18
152,32,Male,44658,Healthcare,522.83,2023-01-08
153,32,Female,56139,Electronics,148.92,2023-09-10
154,43,Female,34971,Healthcare,674.45,2023-10-19
155,59,Male,65988,Clothing,624.27,2023-09-01
156,30,Male,69707,Clothing,744.83,2023-05-03
157,68,Female,52752,Electronics,178.18,2023-10-26
158,49,Male,83609,Electronics,203.03,2023-10-10
159,56,Male,41613,Healthcare,891.51,2023-02-01
160,66,Male,38034,Travel,752.48,2023-11-30
161,69,Female,63366,Electronics,909.15,2023-05-26
162,49,Female,75706,Groceries,761.13,2023-06-05
163,21,Female,85258,Clothing,601.18,2023-01-16
164,47,Female,53116,Groceries,657.59,2023-12-21
165,54,Female,76180,Clothing,890.24,2023-02-16
166,40,Male,59422,Clothing,583.02,2023-09-08
167,56,Female,57410,Electronics,636.07,2023-07-06
168,62,Male,73254,Electronics,164.91,2023-01-31
169,32,Male,69784,Groceries,479.18,2023-09-17
170,60,Female,36354,Clothing,719.23,2023-01-17
171,46,Female,82148,Groceries,278.23,2023-02-08
172,53,Male,80701,Travel,210.23,2023-10-31
173,30,Male,50616,Groceries,320.69,2023-02-08
174,49,Male,65937,Healthcare,249.09,2023-05-12
175,24,Female,67410,Groceries,222.76,2023-01-30
176,68,Female,63910,Healthcare,430.6,2023-06-07
177,39,Female,51745,Healthcare,908.76,2023-10-05
178,45,Female,49925,Healthcare,511.99,2023-07-22
179,19,Female,59616,Travel,196.04,2023-03-07
180,59,Male,77590,Groceries,86.2,2023-04-18
181,62,Female,68154,Groceries,699.19,2023-09-25
182,23,Male,54440,Travel,388.97,2023-08-10
183,45,Male,71575,Clothing,823.61,2023-10-19
184,45,Male,17271,Electronics,662.92,2023-01-18
185,61,Female,77231,Groceries,798.28,2023-03-31
186,61,Female,33904,Electronics,279.23,2023-06-30
187,37,Female,54563,Travel,695.44,2023-09-12
188,47,Male,43204,Clothing,271.42,2023-09-10
189,28,Male,40579,Clothing,939.68,2023-09-14
190,45,Male,77412,Clothing,640.01,2023-12-12
191,42,Male,52984,Travel,331.27,2023-03-28
192,56,Male,65197,Healthcare,276.82,2023-03-31
193,50,Male,59296,Healthcare,199.02,2023-08-25
194,18,Female,67155,Electronics,697.69,2023-03-11
195,44,Female,61152,Healthcare,226.53,2023-02-13
196,69,Female,40755,Healthcare,599.35,2023-07-19
197,30,Female,74944,Clothing,271.99,2023-06-01
198,58,Male,52593,Clothing,665.35,2023-03-27
199,20,Male,36651,Electronics,816.79,2023-01-19
200,56,Female,53578,Groceries,780.24,2023-04-11
201,23,Male,82511,Electronics,763.24,2023-04-05
202,25,Female,72753,Electronics,195.85,2023-09-11
203,44,Female,54770,Travel,97.5,2023-12-23
204,26,Female,54761,Travel,701.96,2023-01-30
205,54,Male,55175,Electronics,374.66,2023-09-06
206,50,Female,91151,Electronics,438.02,2023-02-02
207,68,Female,65729,Electronics,40.84,2023-08-17
208,59,Female,66450,Healthcare,266.98,2023-01-12
209,61,Male,75454,Travel,43.34,2023-04-28
210,41,Male,63581,Electronics,880.39,2023-12-16
211,32,Female,56114,Clothing,250.96,2023-06-04
212,49,Male,57054,Clothing,561.76,2023-09-03
213,49,Male,58925,Healthcare,48.59,2023-11-28
214,41,Male,59441,Healthcare,670.18,2023-09-04
215,58,Male,70914,Groceries,329.8,2023-01-29
216,69,Male,60779,Groceries,898.94,2023-06-10
217,66,Male,70989,Groceries,889.24,2023-08-23
218,66,Male,58789,Healthcare,332.04,2023-07-09
219,69,Male,61179,Healthcare,901.95,2023-04-27
220,29,Male,30026,Healthcare,996.2,2023-09-28
221,56,Male,73744,Clothing,827.16,2023-09-15
222,19,Female,65197,Healthcare,846.42,2023-06-29
223,20,Female,74970,Clothing,256.52,2023-06-21
224,66,Male,16556,Groceries,580.94,2023-10-01
225,54,Female,91325,Groceries,76.58,2023-09-16
226,66,Female,57906,Groceries,103.97,2023-05-15
227,34,Male,76622,Electronics,998.9,2023-06-20
228,66,Male,44401,Electronics,333.37,2023-07-29
229,19,Male,69191,Travel,750.7,2023-08-24
230,19,Female,44198,Travel,808.6,2023-07-05
231,45,Female,50643,Travel,859.44,2023-12-30
232,40,Male,88710,Electronics,997.65,2023-04-05
233,54,Male,57139,Electronics,249.08,2023-01-11
234,49,Male,63261,Travel,49.95,2023-03-09
235,50,Female,73051,Travel,417.08,2023-07-29
236,18,Female,67435,Healthcare,138.78,2023-07-15
237,36,Female,62256,Travel,32.2,2023-04-08
238,19,Female,65474,Healthcare,366.82,2023-04-03
239,61,Male,96051,Clothing,785.9,2023-01-22
240,43,Male,59135,Electronics,570.52,2023-06-21
241,49,Male,63016,Travel,319.65,2023-05-14
242,23,Male,75759,Electronics,657.8,2023-01-25
243,49,Female,76582,Electronics,239.7,2023-07-04
244,21,Female,77805,Electronics,24.24,2023-03-26
245,28,Male,69580,Clothing,766.71,2023-02-24
246,34,Male,42854,Groceries,627.51,2023-09-08
247,55,Female,84501,Travel,764.68,2023-05-24
248,41,Male,42804,Groceries,48.55,2023-12-17
249,22,Female,64539,Groceries,838.75,2023-06-16
250,69,Male,48685,Groceries,623.33,2023-08-12
251,51,Male,59037,Electronics,567.76,2023-08-08
252,23,Male,64931,Healthcare,628.37,2023-06-28
253,39,Male,64820,Electronics,865.79,2023-04-29
254,28,Male,66328,Electronics,591.07,2023-09-22
255,65,Male,84205,Groceries,585.14,2023-05-30
256,33,Male,66803,Electronics,990.77,2023-08-03
257,50,Female,56337,Groceries,759.16,2023-07-16
258,26,Female,74461,Healthcare,447.87,2023-02-11
259,23,Female,77842,Travel,710.32,2023-02-22
260,33,Female,41585,Groceries,395.34,2023-11-26
261,46,Female,68961,Healthcare,236.59,2023-09-08
262,20,Male,70517,Travel,600.88,2023-10-22
263,37,Male,55536,Clothing,928.9,2023-09-28
264,53,Female,80635,Groceries,929.85,2023-05-03
265,36,Male,57749,Groceries,348.49,2023-12-05
266,43,Female,61883,Clothing,532.4,2023-09-23
267,20,Female,57403,Clothing,219.52,2023-12-14
268,36,Male,60233,Groceries,995.67,2023-01-29
269,37,Male,43555,Clothing,981.31,2023-02-04
270,49,Male,38399,Electronics,653.01,2023-01-06
271,24,Female,83917,Travel,806.37,2023-04-21
272,69,Male,47295,Travel,717.95,2023-10-21
273,58,Female,45129,Travel,597.23,2023-03-18
274,50,Female,27699,Electronics,62.81,2023-12-15
275,57,Female,50415,Clothing,460.22,2023-05-27
276,56,Male,40153,Healthcare,678.04,2023-03-08
277,35,Male,84630,Clothing,680.76,2023-01-08
278,57,Female,75147,Groceries,379.39,2023-05-02
279,18,Male,49677,Travel,942.28,2023-12-06
280,28,Male,93786,Clothing,175.68,2023-06-24
281,45,Male,74726,Healthcare,505.36,2023-06-28
282,42,Female,55127,Groceries,693.98,2023-03-26
283,67,Female,22508,Electronics,700.16,2023-02-14
284,40,Male,94364,Electronics,652.15,2023-05-16
285,48,Female,39156,Healthcare,282.54,2023-12-09
286,47,Male,35319,Groceries,164.64,2023-01-16
287,59,Male,75338,Travel,639.58,2023-11-29
288,52,Male,96596,Clothing,603.31,2023-07-14
289,24,Male,80764,Groceries,187.56,2023-01-09
290,33,Female,68458,Electronics,708.09,2023-11-12
291,43,Female,68921,Healthcare,460.62,2023-11-30
292,65,Female,72801,Healthcare,671.08,2023-11-29
293,69,Male,71383,Clothing,838.99,2023-11-23
294,66,Male,64217,Healthcare,178.03,2023-01-15
295,19,Male,61563,Healthcare,28.95,2023-11-23
296,18,Female,59061,Groceries,781.31,2023-04-12
297,65,Male,48690,Travel,613.6,2023-08-14
298,29,Female,55789,Clothing,702.64,2023-10-05
299,22,Female,34605,Groceries,839.77,2023-04-23
300,54,Female,58524,Travel,804.78,2023-01-01
301,49,Female,45171,Groceries,961.31,2023-09-23
302,26,Female,43446,Groceries,540.58,2023-07-27
303,58,Female,62698,Healthcare,493.61,2023-04-20
304,52,Male,80880,Travel,407.87,2023-07-19
305,36,Male,73774,Clothing,162.15,2023-11-02
306,65,Female,36442,Clothing,576.88,2023-01-12
307,33,Female,45155,Travel,284.24,2023-12-11
308,20,Male,74111,Healthcare,922.09,2023-07-07
309,37,Female,45262,Electronics,587.36,2023-06-03
310,41,Female,56630,Groceries,596.91,2023-11-30
311,50,Male,68250,Healthcare,361.38,2023-10-06
312,41,Female,45474,Travel,61.47,2023-06-20
313,69,Female,61580,Groceries,41.43,2023-05-14
314,28,Female,39989,Clothing,429.1,2023-01-25
315,66,Male,50979,Electronics,93.72,2023-01-18
316,25,Male,64796,Clothing,610.78,2023-07-09
317,53,Male,36105,Travel,882.16,2023-05-21
318,55,Female,66607,Groceries,884.09,2023-02-12
319,57,Female,59705,Travel,662.45,2023-11-30
320,37,Male,68287,Groceries,219.12,2023-10-11
321,52,Female,63358,Healthcare,864.37,2023-05-26
322,65,Female,80462,Electronics,887.23,2023-11-11
323,42,Female,61878,Healthcare,204.69,2023-11-15
324,52,Female,53558,Healthcare,740.05,2023-04-02
325,42,Female,61834,Travel,293.65,2023-06-28
326,46,Male,68149,Electronics,804.61,2023-02-25
327,35,Female,60732,Groceries,997.27,2023-06-04
328,63,Male,60608,Groceries,39.73,2023-06-09
329,35,Female,49470,Clothing,898.39,2023-04-21
330,19,Male,50056,Groceries,626.4,2023-05-17
331,52,Female,38960,Travel,973.65,2023-08-20
332,33,Male,86243,Healthcare,470.36,2023-08-08
333,58,Female,41342,Healthcare,848.91,2023-03-09
334,53,Male,49606,Healthcare,71.77,2023-10-29
335,50,Female,49223,Electronics,341.93,2023-09-06
336,21,Male,73423,Groceries,76.35,2023-11-19
337,50,Female,55575,Travel,975.59,2023-01-06
338,31,Male,78716,Electronics,818.8,2023-10-07
339,38,Male,49897,Clothing,854.02,2023-04-04
340,65,Female,64184,Travel,938.59,2023-09-26
341,37,Female,47469,Travel,94.25,2023-07-16
342,25,Male,92177,Travel,391.74,2023-01-25
343,24,Female,42186,Healthcare,80.32,2023-05-28
344,20,Male,64647,Travel,218.69,2023-04-28
345,34,Male,69506,Groceries,237.07,2023-12-04
346,50,Male,66206,Travel,474.42,2023-12-04
347,65,Female,57220,Healthcare,275.88,2023-03-07
348,29,Male,58052,Travel,109.97,2023-10-28
349,68,Male,60657,Clothing,175.82,2023-06-24
350,39,Female,57794,Clothing,155.8,2023-11-15
351,39,Female,74458,Healthcare,973.35,2023-03-17
352,63,Female,93157,Groceries,761.7,2023-04-24
353,47,Female,51637,Groceries,968.08,2023-04-21
354,55,Male,39452,Electronics,445.34,2023-09-06
355,55,Male,58675,Healthcare,285.58,2023-07-22
356,62,Male,98695,Travel,800.31,2023-05-27
357,68,Male,47944,Healthcare,332.99,2023-02-04
358,25,Female,84586,Electronics,306.39,2023-11-05
359,44,Male,85165,Healthcare,240.18,2023-01-26
360,44,Male,51696,Healthcare,138.38,2023-08-26
361,51,Female,68534,Electronics,263.9,2023-01-14
362,38,Male,84425,Groceries,361.77,2023-02-14
363,47,Male,54313,Travel,677.25,2023-08-04
364,50,Male,56946,Electronics,71.94,2023-08-21
365,45,Male,51274,Clothing,218.4,2023-07-12
366,64,Male,44778,Groceries,810.93,2023-02-20
367,50,Male,50260,Clothing,155.45,2023-08-02
368,22,Female,41640,Groceries,349.22,2023-05-31
369,65,Female,60511,Travel,866.01,2023-10-02
370,36,Male,48450,Travel,163.38,2023-12-04
371,21,Male,63506,Healthcare,91.91,2023-03-17
372,52,Female,36661,Clothing,489.69,2023-08-08
373,66,Male,64963,Groceries,309.4,2023-12-14
374,34,Male,72502,Travel,567.77,2023-07-06
375,61,Male,30093,Electronics,805.77,2023-10-16
376,45,Female,65610,Travel,145.78,2023-01-28
377,47,Male,78415,Electronics,584.89,2023-06-29
378,46,Female,41855,Groceries,510.45,2023-09-10
379,63,Male,85088,Travel,152.64,2023-05-06
380,23,Female,66285,Travel,627.76,2023-06-26
381,52,Female,49424,Groceries,280.9,2023-02-06
382,58,Male,59163,Travel,492.96,2023-04-09
383,54,Female,68374,Electronics,91.45,2023-04-08
384,41,Male,61140,Travel,464.99,2023-05-07
385,46,Female,68081,Clothing,313.4,2023-06-17
386,66,Male,46189,Healthcare,824.16,2023-03-21
387,63,Male,62540,Electronics,66.41,2023-10-21
388,48,Female,38794,Clothing,424.42,2023-11-29
389,52,Male,58331,Groceries,463.85,2023-05-06
390,50,Male,46441,Electronics,727.76,2023-12-09
391,69,Female,48967,Healthcare,578.54,2023-11-06
392,38,Male,78541,Healthcare,670.54,2023-05-30
393,49,Male,76369,Groceries,779.28,2023-01-16
394,40,Female,69137,Groceries,863.58,2023-01-28
395,50,Female,43615,Electronics,320.74,2023-06-22
396,20,Male,55253,Travel,542.64,2023-02-15
397,35,Male,78196,Groceries,841.71,2023-11-24
398,42,Female,62125,Travel,989.56,2023-08-24
399,59,Female,94789,Clothing,890.62,2023-08-02
400,48,Male,65899,Healthcare,377.75,2023-03-26
401,20,Female,62880,Travel,203.21,2023-10-09
402,57,Male,55363,Healthcare,494.5,2023-08-20
403,63,Male,62003,Travel,744.23,2023-03-26
404,41,Male,57712,Clothing,497.64,2023-03-06
405,67,Male,70621,Groceries,488.35,2023-05-14
406,49,Male,74350,Clothing,839.85,2023-05-31
407,64,Female,48210,Groceries,367.79,2023-04-25
408,39,Female,40031,Groceries,861.2,2023-03-05
409,40,Female,32456,Healthcare,412.74,2023-12-09
410,19,Female,67619,Clothing,334.95,2023-12-29
411,44,Male,43449,Travel,459.45,2023-12-18
412,59,Male,27706,Clothing,764.82,2023-06-07
413,19,Male,65828,Healthcare,134.74,2023-03-18
414,43,Male,97394,Groceries,204.46,2023-05-26
415,34,Female,59908,Healthcare,951.93,2023-12-09
416,57,Male,72577,Electronics,183.74,2023-08-13
417,50,Male,61227,Electronics,572.05,2023-11-09
418,26,Female,58516,Travel,583.52,2023-04-13
419,60,Female,73786,Healthcare,494.73,2023-12-13
420,65,Female,55645,Travel,648.3,2023-10-28
421,56,Female,64010,Travel,237.53,2023-03-29
422,46,Male,64825,Electronics,557.14,2023-10-30
423,59,Male,49978,Travel,378.45,2023-06-17
424,43,Female,74880,Electronics,665.05,2023-06-19
425,52,Male,57375,Groceries,149.81,2023-05-15
426,67,Male,48663,Healthcare,575.17,2023-02-19
427,42,Male,68047,Travel,193.42,2023-12-06
428,41,Female,46522,Electronics,285.86,2023-12-13
429,30,Male,60422,Clothing,226.52,2023-05-14
430,24,Female,59863,Travel,191.01,2023-12-13
431,53,Male,76288,Groceries,827.45,2023-05-17
432,62,Male,67120,Groceries,292.85,2023-09-02
433,37,Male,59624,Clothing,927.85,2023-04-19
434,18,Female,72266,Electronics,970.23,2023-11-09
435,25,Male,80853,Travel,575.55,2023-10-14
436,63,Female,68367,Electronics,151.57,2023-01-21
437,33,Female,60155,Groceries,380.8,2023-03-31
438,31,Female,40322,Electronics,799.75,2023-10-23
439,29,Male,44023,Groceries,373.72,2023-04-22
440,68,Male,55421,Electronics,96.15,2023-10-28
441,40,Male,50857,Clothing,561.22,2023-03-18
442,32,Male,57195,Healthcare,846.67,2023-06-26
443,45,Female,60849,Clothing,797.97,2023-12-09
444,51,Female,67945,Clothing,183.37,2023-05-28
445,19,Female,58942,Healthcare,676.04,2023-04-11
446,49,Male,67297,Healthcare,228.3,2023-09-03
447,40,Female,60967,Travel,226.03,2023-04-27
448,39,Male,30368,Travel,875.33,2023-04-02
449,68,Female,45909,Clothing,257.17,2023-01-28
450,42,Male,57838,Clothing,270.61,2023-01-25
451,39,Male,41854,Groceries,10.65,2023-02-27
452,39,Female,68998,Groceries,871.96,2023-10-24
453,66,Female,82961,Travel,794.67,2023-05-14
454,69,Female,78281,Travel,631.06,2023-11-27
455,59,Female,56798,Groceries,752.76,2023-09-06
456,23,Male,82360,Groceries,160.53,2023-02-07
457,32,Female,62230,Electronics,463.74,2023-03-16
458,60,Female,54943,Electronics,357.71,2023-05-22
459,54,Female,50798,Groceries,102.84,2023-11-18
460,50,Male,55462,Electronics,491.27,2023-06-17
461,25,Male,54177,Healthcare,921.53,2023-09-16
462,61,Female,62556,Travel,49.66,2023-12-21
463,61,Male,62408,Travel,298.55,2023-08-13
464,22,Female,60045,Groceries,215.47,2023-06-01
465,56,Male,66554,Clothing,245.77,2023-01-19
466,21,Male,77859,Groceries,909.35,2023-05-26
467,23,Male,74243,Electronics,473.39,2023-08-29
468,62,Male,37726,Clothing,471.64,2023-12-10
469,49,Female,21691,Electronics,762.97,2023-08-25
470,69,Female,74014,Healthcare,162.95,2023-02-04
471,47,Female,39496,Electronics,492.39,2023-07-09
472,64,Male,56628,Healthcare,435.69,2023-01-01
473,52,Female,42448,Healthcare,600.94,2023-06-02
474,57,Female,32970,Electronics,999.56,2023-05-06
475,69,Female,68121,Electronics,771.75,2023-12-11
476,33,Male,71387,Healthcare,403.89,2023-08-14
477,30,Male,51352,Clothing,829.28,2023-08-09
478,67,Male,21134,Healthcare,179.0,2023-07-30
479,59,Female,51806,Travel,40.16,2023-01-25
480,47,Female,65877,Healthcare,212.4,2023-01-16
481,36,Female,37816,Clothing,347.01,2023-07-01
482,34,Male,62750,Travel,515.47,2023-11-25
483,36,Male,59770,Groceries,618.98,2023-05-09
484,45,Female,68689,Groceries,911.5,2023-02-11
485,43,Male,61793,Clothing,514.76,2023-12-02
486,54,Male,45403,Healthcare,506.26,2023-08-24
487,43,Male,77948,Electronics,59.74,2023-12-26
488,40,Male,57622,Clothing,44.56,2023-02-03
489,26,Female,59590,Travel,555.65,2023-12-11
490,29,Male,46000,Travel,443.8,2023-02-14
491,18,Male,53350,Groceries,840.79,2023-05-14
492,18,Male,46727,Travel,169.07,2023-01-21
493,64,Male,57405,Clothing,34.72,2023-05-02
494,51,Female,85675,Travel,454.55,2023-03-11
495,49,Female,39421,Clothing,245.1,2023-12-18
496,65,Male,35796,Electronics,59.12,2023-12-27
497,42,Male,82067,Groceries,727.35,2023-02-17
498,57,Male,56860,Travel,120.48,2023-02-08
499,62,Male,49963,Clothing,612.24,2023-10-14
500,18,Male,75598,Healthcare,288.24,2023-01-10
501,33,Male,50915,Groceries,181.76,2023-01-30
502,56,Female,87390,Electronics,385.95,2023-09-01
503,22,Male,70168,Clothing,803.43,2023-10-01
504,39,Female,52681,Electronics,398.17,2023-03-29
505,46,Female,92359,Electronics,753.26,2023-09-01
506,20,Male,50914,Travel,134.23,2023-11-25
507,29,Female,71131,Travel,775.04,2023-01-15
508,43,Female,64489,Clothing,244.56,2023-01-04
509,33,Female,79526,Healthcare,680.62,2023-07-10
510,68,Female,83422,Clothing,570.12,2023-06-17
511,54,Female,60480,Healthcare,929.85,2023-01-09
512,39,Female,48698,Electronics,393.45,2023-04-19
513,46,Male,66899,Groceries,75.5,2023-05-17
514,31,Female,49834,Clothing,28.96,2023-06-03
515,45,Female,90200,Clothing,828.59,2023-07-28
516,22,Female,62048,Healthcare,529.49,2023-09-29
517,64,Male,54520,Electronics,777.49,2023-05-23
518,66,Female,62770,Electronics,242.08,2023-04-09
519,47,Male,39793,Healthcare,351.63,2023-11-04
520,63,Female,45425,Electronics,39.8,2023-03-10
521,69,Male,78006,Travel,961.88,2023-09-04
522,22,Male,50146,Groceries,671.19,2023-09-18
523,29,Female,44296,Clothing,933.87,2023-10-03
524,33,Female,68049,Groceries,272.84,2023-03-20
525,43,Male,77785,Clothing,615.35,2023-05-26
526,43,Female,70784,Travel,681.71,2023-04-21
527,65,Male,74940,Electronics,324.37,2023-09-15
528,38,Male,48648,Healthcare,849.63,2023-04-03
529,56,Male,38672,Travel,947.69,2023-01-13
530,53,Male,82520,Groceries,886.01,2023-09-17
531,50,Male,55159,Healthcare,741.68,2023-04-19
532,47,Female,56237,Electronics,284.69,2023-11-26
533,54,Male,79922,Travel,288.8,2023-07-08
534,40,Male,68343,Healthcare,963.73,2023-04-05
535,27,Female,66838,Travel,20.18,2023-04-15
536,22,Male,92475,Travel,718.89,2023-01-08
537,53,Female,50347,Electronics,709.18,2023-03-08
538,51,Female,73917,Clothing,626.46,2023-07-10
539,69,Female,60855,Healthcare,990.21,2023-09-13
540,48,Male,64028,Electronics,318.76,2023-01-09
541,27,Male,82927,Travel,346.57,2023-04-27
542,36,Male,67617,Electronics,88.15,2023-09-24
543,49,Female,68074,Clothing,448.37,2023-04-09
544,18,Male,76087,Healthcare,268.44,2023-10-25
545,22,Female,54525,Clothing,349.95,2023-06-13
546,62,Male,47411,Groceries,836.23,2023-05-21
547,21,Female,44327,Healthcare,936.13,2023-09-25
548,33,Male,30504,Clothing,193.88,2023-02-06
549,41,Male,90843,Travel,378.78,2023-03-15
550,33,Male,43451,Healthcare,929.34,2023-03-14
551,19,Female,56681,Healthcare,71.19,2023-11-04
552,66,Female,55847,Electronics,101.44,2023-07-18
553,45,Male,64611,Travel,171.16,2023-05-10
554,49,Male,72236,Groceries,599.26,2023-09-03
555,44,Female,72907,Clothing,158.97,2023-11-08
556,37,Female,51253,Electronics,968.4,2023-03-01
557,41,Female,57493,Clothing,452.25,2023-10-06
558,29,Male,64238,Groceries,506.5,2023-04-13
559,67,Female,56269,Groceries,254.19,2023-10-23
560,52,Male,84110,Healthcare,476.25,2023-11-16
561,50,Female,67364,Groceries,665.29,2023-12-07
562,50,Male,71023,Clothing,753.67,2023-05-31
563,68,Female,69943,Travel,756.33,2023-06-06
564,60,Female,77602,Travel,582.11,2023-07-25
565,54,Female,62715,Healthcare,905.32,2023-06-28
566,29,Female,40547,Clothing,819.23,2023-07-16
567,20,Female,65995,Clothing,759.48,2023-08-11
568,18,Male,50229,Groceries,65.05,2023-03-30
569,50,Female,52070,Clothing,16.81,2023-10-14
570,57,Female,68795,Electronics,220.32,2023-10-03
571,27,Female,78574,Groceries,666.89,2023-08-24
572,60,Male,60319,Electronics,417.09,2023-07-02
573,61,Female,64632,Healthcare,408.38,2023-07-28
574,46,Male,85533,Travel,885.74,2023-05-10
575,30,Female,63611,Healthcare,896.61,2023-06-02
576,29,Female,99025,Travel,910.08,2023-01-13
577,48,Male,68482,Healthcare,320.74,2023-05-02
578,63,Female,33588,Clothing,694.15,2023-12-25
579,19,Male,71300,Electronics,278.92,2023-08-08
580,68,Male,65717,Travel,198.7,2023-04-16
581,67,Female,79346,Groceries,192.79,2023-03-11
582,52,Male,70097,Electronics,348.69,2023-07-14
583,40,Female,57923,Groceries,435.66,2023-07-05
584,34,Female,41635,Electronics,832.64,2023-04-09
585,43,Male,56864,Electronics,128.69,2023-03-23
586,25,Male,47242,Healthcare,737.58,2023-03-16
587,46,Male,51292,Travel,536.14,2023-12-06
588,43,Male,68828,Travel,295.07,2023-07-11
589,27,Female,85048,Electronics,497.89,2023-11-21
590,43,Female,65920,Clothing,306.94,2023-08-02
591,51,Male,42061,Clothing,600.12,2023-11-11
592,68,Female,66669,Groceries,439.51,2023-11-14
593,58,Female,77949,Groceries,172.76,2023-05-24
594,24,Female,50853,Healthcare,125.42,2023-08-04
595,21,Female,57989,Electronics,551.23,2023-12-27
596,67,Male,60220,Groceries,903.39,2023-11-20
597,62,Male,48226,Groceries,350.52,2023-01-15
598,28,Female,69724,Electronics,735.67,2023-08-05
599,46,Male,58185,Healthcare,662.07,2023-02-04
600,53,Male,66292,Groceries,932.24,2023-07-02
601,42,Male,46687,Healthcare,822.77,2023-09-27
602,38,Female,53438,Travel,570.94,2023-12-24
603,53,Female,70835,Healthcare,660.46,2023-04-10
604,27,Female,54407,Clothing,899.4,2023-01-07
605,54,Male,85904,Clothing,405.52,2023-01-30
606,26,Female,54005,Healthcare,333.53,2023-11-01
607,41,Female,63370,Clothing,20.7,2023-05-24
608,52,Male,73988,Travel,828.29,2023-04-21
609,66,Female,38724,Electronics,802.97,2023-08-20
610,52,Female,33587,Clothing,113.41,2023-06-28
611,65,Male,37115,Clothing,581.09,2023-03-13
612,53,Male,78938,Healthcare,469.34,2023-07-29
613,35,Male,51722,Travel,127.52,2023-08-08
614,66,Female,98372,Electronics,980.76,2023-03-21
615,56,Female,51536,Healthcare,222.55,2023-03-24
616,49,Female,62768,Healthcare,76.56,2023-02-11
617,41,Male,83131,Travel,598.9,2023-09-30
618,40,Male,90091,Electronics,741.48,2023-07-10
619,49,Female,90922,Travel,42.12,2023-06-22
620,54,Female,78125,Electronics,662.13,2023-01-07
621,29,Male,75360,Travel,536.97,2023-06-04
622,66,Male,68887,Healthcare,112.23,2023-01-10
623,30,Male,71675,Healthcare,180.8,2023-02-03
624,40,Male,51732,Groceries,572.29,2023-02-05
625,42,Female,47727,Clothing,303.39,2023-01-06
626,52,Male,59949,Travel,938.93,2023-08-03
627,58,Female,57447,Groceries,820.55,2023-05-14
628,47,Female,53201,Clothing,983.73,2023-10-12
629,34,Female,70445,Travel,267.07,2023-05-06
630,66,Male,74329,Electronics,970.03,2023-12-03
631,37,Male,61326,Clothing,436.92,2023-06-23
632,65,Male,82162,Healthcare,354.04,2023-06-01
633,42,Male,42874,Groceries,59.85,2023-11-27
634,39,Female,57095,Clothing,62.24,2023-01-26
635,30,Male,49247,Clothing,695.09,2023-04-25
636,36,Male,32001,Healthcare,463.35,2023-10-11
637,66,Female,58759,Travel,234.26,2023-03-16
638,53,Male,58173,Electronics,617.83,2023-06-15
639,29,Female,82701,Healthcare,260.33,2023-07-08
640,58,Female,69462,Electronics,581.86,2023-03-19
641,36,Female,44637,Travel,365.62,2023-03-31
642,29,Female,87811,Clothing,825.32,2023-06-25
643,26,Female,78315,Electronics,822.49,2023-01-21
644,24,Female,68731,Groceries,482.58,2023-02-23
645,45,Female,56602,Groceries,357.31,2023-07-03
646,31,Female,45608,Healthcare,368.93,2023-12-25
647,48,Male,54416,Travel,807.66,2023-08-10
648,69,Male,76331,Healthcare,334.9,2023-11-11
649,36,Male,88268,Healthcare,216.97,2023-11-24
650,64,Male,83148,Healthcare,93.84,2023-06-28
651,33,Female,52667,Groceries,472.03,2023-10-03
652,22,Male,43205,Groceries,487.31,2023-04-22
653,52,Female,62113,Healthcare,842.5,2023-08-12
654,29,Male,33473,Groceries,229.03,2023-08-02
655,42,Male,64847,Travel,387.18,2023-02-28
656,69,Male,57785,Healthcare,810.32,2023-11-23
657,38,Female,53009,Groceries,825.39,2023-04-19
658,53,Male,36079,Electronics,390.76,2023-06-06
659,40,Female,67704,Healthcare,464.53,2023-07-10
660,33,Female,52009,Healthcare,310.25,2023-07-19
661,56,Male,42451,Travel,933.23,2023-11-08
662,62,Male,16916,Clothing,127.46,2023-07-15
663,59,Male,59587,Clothing,934.41,2023-02-04
664,56,Female,86583,Travel,687.03,2023-09-03
665,31,Male,84918,Travel,536.26,2023-08-25
666,48,Female,53143,Travel,42.33,2023-04-14
667,22,Female,50966,Clothing,480.84,2023-01-07
668,52,Male,67031,Travel,413.67,2023-10-10
669,40,Male,45024,Groceries,169.61,2023-01-01
670,46,Female,64526,Healthcare,659.85,2023-08-07
671,60,Female,71491,Healthcare,971.44,2023-08-18
672,28,Female,78403,Electronics,566.57,2023-06-21
673,35,Male,58497,Electronics,717.61,2023-03-28
674,64,Female,56944,Healthcare,77.77,2023-02-10
675,29,Male,46830,Groceries,423.49,2023-05-03
676,26,Female,47596,Clothing,125.19,2023-11-27
677,27,Female,56602,Clothing,616.67,2023-10-25
678,61,Male,65510,Groceries,939.1,2023-06-27
679,34,Female,73703,Clothing,665.16,2023-03-04
680,55,Male,47952,Travel,86.04,2023-06-14
681,24,Male,82390,Healthcare,361.12,2023-07-06
682,63,Female,55933,Healthcare,555.16,2023-07-28
683,30,Male,59679,Groceries,409.18,2023-08-15
684,57,Male,48791,Clothing,835.31,2023-02-17
685,59,Female,23636,Electronics,816.52,2023-08-12
686,26,Male,73260,Electronics,615.71,2023-01-03
687,67,Male,71052,Clothing,379.72,2023-06-24
688,44,Male,55780,Electronics,262.78,2023-04-09
689,19,Female,61004,Groceries,114.82,2023-04-26
690,22,Male,67739,Groceries,361.35,2023-09-27
691,46,Female,36561,Clothing,419.04,2023-09-10
692,54,Female,52064,Electronics,679.06,2023-11-13
693,55,Male,71913,Groceries,661.58,2023-04-05
694,36,Male,41185,Groceries,79.41,2023-09-30
695,25,Male,64403,Travel,401.31,2023-01-24
696,65,Female,39651,Travel,189.96,2023-04-26
697,62,Male,66996,Groceries,165.24,2023-05-31
698,18,Male,59465,Clothing,829.03,2023-12-04
699,39,Male,35773,Healthcare,51.5,2023-02-19
700,69,Male,77471,Healthcare,424.99,2023-07-25
701,34,Male,48981,Groceries,176.52,2023-12-01
702,24,Female,47846,Groceries,880.54,2023-03-20
703,42,Female,63008,Groceries,561.47,2023-03-11
704,62,Male,77229,Clothing,239.07,2023-01-27
705,21,Male,44762,Travel,507.4,2023-09-28
706,53,Male,60925,Groceries,734.17,2023-02-19
707,23,Male,66432,Groceries,958.54,2023-10-19
708,48,Female,70396,Electronics,228.24,2023-09-04
709,36,Male,62646,Clothing,887.32,2023-09-21
710,61,Female,54494,Groceries,934.96,2023-03-20
711,56,Female,47586,Electronics,917.26,2023-07-09
712,44,Male,61292,Healthcare,639.06,2023-02-16
713,27,Female,43917,Groceries,633.52,2023-12-27
714,43,Female,16179,Groceries,409.18,2023-12-20
715,36,Female,66548,Electronics,754.87,2023-12-18
716,56,Female,73559,Clothing,535.98,2023-07-08
717,20,Male,24556,Groceries,680.66,2023-09-13
718,62,Male,44854,Healthcare,434.17,2023-08-10
719,30,Female,69287,Groceries,734.18,2023-08-29
720,67,Male,90862,Healthcare,826.23,2023-09-26
721,45,Male,60311,Travel,154.97,2023-01-01
722,37,Male,49079,Travel,834.6,2023-02-03
723,45,Male,57256,Healthcare,544.89,2023-03-20
724,25,Male,80623,Clothing,846.22,2023-08-24
725,58,Female,50310,Groceries,436.99,2023-11-30
726,56,Male,48012,Groceries,385.25,2023-12-15
727,18,Male,52758,Travel,915.91,2023-04-08
728,20,Male,45700,Healthcare,258.66,2023-03-23
729,30,Male,61840,Groceries,845.77,2023-07-11
730,45,Female,84370,Groceries,489.18,2023-09-10
731,66,Female,64846,Clothing,518.95,2023-02-07
732,42,Female,56214,Electronics,315.38,2023-01-14
733,50,Female,55622,Travel,577.31,2023-12-13
734,55,Male,36552,Travel,331.96,2023-11-06
735,23,Female,73246,Electronics,48.88,2023-07-28
736,61,Male,58832,Groceries,279.28,2023-12-23
737,62,Male,57292,Clothing,16.32,2023-03-30
738,49,Male,107896,Clothing,978.57,2023-02-25
739,62,Male,64481,Travel,966.09,2023-04-04
740,64,Male,48723,Clothing,401.2,2023-04-03
741,38,Female,53604,Electronics,731.09,2023-12-06
742,33,Female,77226,Groceries,352.35,2023-03-26
743,38,Female,61699,Electronics,674.38,2023-09-02
744,28,Female,38425,Healthcare,807.38,2023-01-22
745,54,Male,73788,Travel,947.29,2023-10-18
746,53,Female,49977,Clothing,406.21,2023-09-29
747,52,Male,88099,Healthcare,785.47,2023-11-02
748,36,Female,76200,Clothing,273.27,2023-05-02
749,37,Male,53290,Groceries,990.43,2023-05-08
750,35,Male,79215,Groceries,35.51,2023-04-23
751,64,Female,61017,Groceries,607.49,2023-09-30
752,58,Male,72791,Clothing,662.91,2023-12-02
753,66,Male,67270,Healthcare,691.17,2023-05-10
754,31,Female,47304,Groceries,129.18,2023-05-12
755,32,Male,50346,Healthcare,939.14,2023-03-26
756,48,Female,75449,Clothing,189.37,2023-12-16
757,18,Female,54978,Healthcare,626.53,2023-03-22
758,20,Female,53945,Clothing,230.45,2023-11-21
759,33,Male,45673,Clothing,314.14,2023-03-10
760,40,Male,66353,Travel,550.99,2023-05-28
761,28,Male,90937,Clothing,423.02,2023-01-16
762,29,Female,43987,Clothing,168.62,2023-11-03
763,27,Male,60363,Electronics,179.23,2023-04-15
764,49,Female,81183,Groceries,423.96,2023-06-14
765,33,Female,58805,Travel,759.71,2023-07-20
766,25,Male,66785,Travel,898.99,2023-07-16
767,55,Female,44064,Travel,93.29,2023-07-04
768,29,Male,66424,Electronics,399.17,2023-11-18
769,41,Male,57192,Clothing,109.24,2023-09-22
770,45,Male,74785,Groceries,26.43,2023-12-29
771,25,Male,77810,Healthcare,665.1,2023-04-10
772,45,Male,98843,Clothing,606.42,2023-12-08
773,53,Female,68694,Electronics,171.39,2023-11-16
774,43,Female,64886,Clothing,241.47,2023-08-02
775,25,Female,62915,Clothing,33.47,2023-10-05
776,67,Male,54702,Electronics,836.6,2023-06-11
777,45,Male,65077,Travel,974.94,2023-06-06
778,45,Male,55568,Travel,144.1,2023-09-08
779,54,Female,62526,Groceries,239.16,2023-04-07
780,58,Male,79763,Groceries,869.73,2023-01-18
781,53,Female,44901,Travel,927.2,2023-11-23
782,44,Female,77098,Healthcare,425.43,2023-04-07
783,34,Male,79756,Clothing,60.12,2023-01-01
784,26,Male,58228,Healthcare,49.0,2023-08-04
785,50,Female,28172,Clothing,578.21,2023-05-12
786,37,Male,50882,Travel,398.97,2023-09-17
787,30,Female,79454,Groceries,38.37,2023-05-05
788,45,Male,59656,Groceries,587.42,2023-03-23
789,65,Male,45010,Healthcare,21.19,2023-10-10
790,46,Female,52428,Groceries,789.5,2023-06-20
791,30,Male,72609,Travel,313.37,2023-02-28
792,63,Female,68201,Healthcare,49.86,2023-02-01
793,52,Male,56416,Clothing,592.47,2023-06-10
794,23,Female,54497,Groceries,403.71,2023-10-11
795,35,Female,54123,Electronics,974.06,2023-04-16
796,68,Male,46163,Groceries,548.76,2023-04-15
797,22,Female,84230,Clothing,282.49,2023-08-16
798,64,Male,55165,Healthcare,712.34,2023-07-07
799,42,Male,78257,Clothing,278.78,2023-03-11
800,19,Male,82819,Electronics,905.2,2023-11-14
801,27,Female,74974,Travel,380.97,2023-10-17
802,47,Female,53525,Groceries,554.37,2023-03-28
803,67,Male,66055,Healthcare,60.07,2023-12-28
804,62,Male,59637,Travel,431.86,2023-02-25
805,22,Female,46444,Clothing,834.04,2023-04-23
806,50,Male,64865,Healthcare,807.59,2023-01-13
807,18,Male,42314,Travel,232.08,2023-01-18
808,35,Female,77815,Healthcare,233.82,2023-07-01
809,49,Male,53030,Electronics,819.13,2023-04-23
810,64,Female,63017,Electronics,931.09,2023-08-17
811,66,Male,64249,Groceries,104.41,2023-06-20
812,28,Female,56116,Groceries,455.56,2023-10-22
813,38,Male,68800,Electronics,344.08,2023-07-08
814,43,Male,52876,Healthcare,871.98,2023-03-20
815,42,Female,73069,Electronics,92.69,2023-05-26
816,39,Male,39810,Groceries,219.01,2023-07-01
817,44,Female,61895,Electronics,754.94,2023-10-13
818,66,Male,89083,Electronics,60.78,2023-09-07
819,30,Female,44995,Healthcare,497.61,2023-12-20
820,50,Female,49833,Travel,447.69,2023-11-10
821,51,Female,67708,Groceries,341.06,2023-07-15
822,58,Female,62693,Healthcare,400.63,2023-11-19
823,52,Male,65259,Electronics,534.64,2023-03-12
824,18,Male,67337,Electronics,169.75,2023-09-05
825,38,Female,69520,Travel,576.28,2023-05-26
826,65,Female,76645,Groceries,807.38,2023-04-16
827,23,Female,66147,Groceries,762.56,2023-09-20
828,45,Male,56381,Clothing,162.36,2023-10-23
829,34,Male,70088,Groceries,157.76,2023-03-11
830,22,Male,88498,Travel,275.49,2023-07-12
831,48,Male,58010,Clothing,367.46,2023-03-09
832,22,Female,45382,Clothing,414.37,2023-11-01
833,55,Female,76606,Electronics,682.9,2023-02-21
834,20,Female,58194,Electronics,66.11,2023-12-29
835,40,Male,27409,Groceries,44.33,2023-10-12
836,54,Male,72711,Clothing,397.99,2023-11-30
837,54,Male,51970,Electronics,700.19,2023-01-09
838,27,Female,58642,Travel,201.5,2023-09-08
839,27,Female,64979,Electronics,645.09,2023-11-28
840,36,Male,62857,Electronics,267.23,2023-10-25
841,34,Female,70641,Clothing,887.23,2023-07-03
842,38,Male,53467,Clothing,896.73,2023-06-28
843,31,Male,67696,Healthcare,304.31,2023-07-17
844,26,Female,56106,Travel,237.69,2023-05-08
845,63,Male,71082,Clothing,417.19,2023-01-20
846,18,Female,69230,Groceries,248.13,2023-11-24
847,68,Male,45968,Travel,675.66,2023-03-06
848,62,Female,76289,Travel,827.8,2023-07-01
849,30,Female,51960,Clothing,676.36,2023-08-29
850,21,Female,72120,Travel,826.11,2023-01-24
851,18,Male,65509,Clothing,403.02,2023-03-24
852,66,Male,87572,Electronics,164.75,2023-11-15
853,57,Female,56648,Healthcare,740.57,2023-07-04
854,49,Female,54760,Electronics,366.87,2023-11-12
855,51,Male,59708,Clothing,674.56,2023-04-09
856,45,Male,55452,Clothing,277.94,2023-03-03
857,48,Male,71999,Electronics,90.42,2023-10-13
858,25,Female,35755,Groceries,992.66,2023-01-22
859,56,Male,44194,Groceries,164.64,2023-07-31
860,43,Male,43982,Groceries,988.54,2023-05-06
861,51,Female,74254,Clothing,977.51,2023-02-11
862,20,Male,85659,Travel,795.88,2023-04-08
863,67,Male,58433,Clothing,662.83,2023-01-31
864,29,Male,57467,Travel,582.03,2023-06-07
865,18,Female,61050,Electronics,867.44,2023-04-22
866,61,Female,77428,Healthcare,296.55,2023-09-04
867,22,Female,46089,Travel,473.0,2023-05-02
868,47,Female,63575,Groceries,623.2,2023-09-30
869,47,Female,74627,Clothing,417.08,2023-10-21
870,34,Female,67516,Electronics,433.21,2023-07-26
871,65,Female,62843,Groceries,336.98,2023-04-20
872,64,Male,75015,Electronics,568.59,2023-10-05
873,40,Male,19451,Healthcare,852.07,2023-02-25
874,32,Female,70168,Clothing,209.51,2023-02-26
875,54,Male,50188,Clothing,935.09,2023-10-18
876,38,Male,32540,Healthcare,692.2,2023-04-24
877,31,Female,67668,Clothing,825.04,2023-11-04
878,19,Male,80604,Travel,560.63,2023-12-07
879,28,Male,57938,Electronics,781.72,2023-07-17
880,68,Male,74293,Groceries,26.04,2023-11-17
881,56,Male,84184,Healthcare,820.2,2023-06-28
882,55,Male,79723,Travel,49.74,2023-08-07
883,51,Female,84599,Groceries,891.01,2023-10-04
884,55,Female,71131,Groceries,992.04,2023-01-16
885,67,Female,61131,Healthcare,301.13,2023-03-02
886,51,Male,35970,Travel,218.22,2023-02-23
887,35,Female,56309,Groceries,767.71,2023-06-17
888,47,Male,47351,Groceries,260.5,2023-01-26
889,32,Male,92564,Travel,866.91,2023-12-02
890,44,Male,57361,Clothing,111.81,2023-03-06
891,68,Male,61848,Groceries,134.7,2023-04-10
892,51,Female,68272,Electronics,979.36,2023-03-15
893,69,Female,60654,Travel,677.1,2023-07-11
894,55,Male,85425,Groceries,848.42,2023-06-20
895,50,Female,50660,Healthcare,331.09,2023-09-30
896,41,Male,62919,Electronics,679.72,2023-07-06
897,32,Female,48862,Groceries,598.3,2023-01-23
898,47,Female,40199,Electronics,607.12,2023-06-30
899,59,Male,50823,Electronics,685.71,2023-11-23
900,68,Female,59444,Clothing,579.61,2023-04-18
901,34,Male,53560,Electronics,434.77,2023-12-01
902,22,Female,49613,Clothing,283.16,2023-06-11
903,46,Male,38905,Travel,770.9,2023-10-29
904,21,Male,58753,Clothing,234.01,2023-07-25
905,27,Female,37429,Healthcare,695.43,2023-03-19
906,34,Female,71400,Groceries,241.0,2023-01-16
907,27,Male,61236,Travel,629.08,2023-11-23
908,34,Female,38136,Travel,749.61,2023-04-06
909,37,Female,55361,Healthcare,226.53,2023-05-27
910,41,Male,48717,Clothing,69.34,2023-01-02
911,22,Male,64787,Groceries,139.66,2023-01-10
912,51,Female,80106,Clothing,609.94,2023-05-05
913,23,Male,31872,Electronics,850.95,2023-03-22
914,19,Male,61725,Clothing,54.55,2023-05-20
915,30,Male,57598,Travel,736.81,2023-11-22
916,60,Female,70070,Groceries,347.91,2023-05-30
917,60,Female,63197,Clothing,483.74,2023-10-15
918,65,Male,48720,Groceries,929.57,2023-12-27
919,28,Female,55214,Groceries,338.65,2023-12-06
920,68,Male,48059,Electronics,470.68,2023-05-09
921,64,Female,76140,Electronics,23.55,2023-08-27
922,40,Male,60319,Travel,90.78,2023-02-27
923,33,Male,88517,Healthcare,266.01,2023-07-17
924,48,Female,59090,Groceries,37.57,2023-07-30
925,28,Male,49373,Healthcare,635.06,2023-02-14
926,33,Female,37294,Travel,432.13,2023-04-07
927,25,Female,32952,Groceries,552.66,2023-10-06
928,21,Male,36237,Groceries,182.9,2023-01-23
929,57,Male,64006,Healthcare,302.97,2023-12-01
930,21,Female,67630,Clothing,667.19,2023-02-13
931,42,Male,36282,Electronics,965.65,2023-01-27
932,20,Male,73425,Clothing,59.91,2023-10-09
933,49,Male,52754,Healthcare,891.48,2023-04-07
934,20,Male,62201,Electronics,581.11,2023-02-05
935,44,Male,84183,Clothing,568.28,2023-04-19
936,46,Female,73452,Electronics,505.28,2023-02-24
937,49,Female,55972,Groceries,78.7,2023-07-11
938,67,Male,46632,Clothing,98.98,2023-08-07
939,68,Male,27722,Electronics,604.9,2023-07-04
940,36,Male,49212,Electronics,347.55,2023-03-10
941,38,Female,56833,Electronics,918.1,2023-11-13
942,22,Male,45192,Clothing,412.52,2023-05-10
943,35,Female,58031,Travel,151.85,2023-02-24
944,45,Female,61152,Clothing,717.57,2023-04-07
945,59,Female,56627,Healthcare,300.42,2023-12-02
946,39,Male,50249,Clothing,530.22,2023-03-28
947,38,Female,62529,Electronics,700.85,2023-10-21
948,23,Male,66629,Groceries,901.26,2023-04-29
949,18,Female,43644,Clothing,794.27,2023-07-27
950,22,Male,81163,Clothing,679.6,2023-11-30
951,58,Female,58521,Electronics,682.84,2023-06-03
952,29,Male,60282,Groceries,946.47,2023-02-04
953,43,Female,70623,Groceries,302.87,2023-03-20
954,63,Male,63498,Healthcare,11.1,2023-03-08
955,51,Male,74297,Clothing,279.24,2023-12-09
956,66,Male,64306,Groceries,225.71,2023-02-03
957,31,Male,50813,Groceries,665.22,2023-04-07
958,43,Female,65422,Travel,637.37,2023-06-18
959,62,Female,42844,Travel,597.53,2023-06-18
960,44,Male,61628,Groceries,26.08,2023-05-31
961,26,Female,59501,Healthcare,731.49,2023-03-12
962,43,Male,56878,Groceries,330.3,2023-01-03
963,64,Male,58071,Electronics,668.41,2023-11-10
964,39,Female,31772,Clothing,561.01,2023-02-01
965,64,Male,51769,Healthcare,349.3,2023-10-14
966,47,Male,61392,Electronics,143.23,2023-03-23
967,60,Female,62397,Healthcare,103.47,2023-02-12
968,65,Male,44584,Electronics,833.2,2023-04-15
969,34,Male,78985,Clothing,919.21,2023-01-01
970,43,Male,47007,Clothing,653.29,2023-03-02
971,53,Male,74541,Travel,112.4,2023-09-27
972,18,Female,66407,Electronics,408.01,2023-06-29
973,25,Female,50306,Travel,731.65,2023-08-12
974,66,Female,86629,Electronics,782.02,2023-01-06
975,52,Male,42095,Travel,127.04,2023-04-13
976,69,Male,73787,Clothing,10.03,2023-01-10
977,32,Female,75008,Healthcare,715.02,2023-03-12
978,64,Male,49940,Travel,363.03,2023-03-31
979,39,Male,80886,Electronics,261.94,2023-08-14
980,31,Male,56249,Electronics,22.77,2023-06-07
981,43,Male,64330,Clothing,544.9,2023-08-16
982,45,Female,63904,Electronics,852.64,2023-05-06
983,40,Female,57985,Groceries,958.06,2023-07-28
984,31,Female,72162,Healthcare,570.09,2023-04-07
985,41,Male,71902,Travel,519.32,2023-03-15
986,19,Female,33772,Healthcare,94.21,2023-04-25
987,62,Female,79565,Clothing,553.38,2023-07-10
988,43,Male,35062,Travel,386.18,2023-06-19
989,31,Male,75488,Travel,611.06,2023-11-03
990,68,Female,76900,Groceries,394.84,2023-07-23
991,24,Female,43635,Clothing,247.9,2023-02-25
992,20,Female,53837,Electronics,104.02,2023-07-27
993,64,Female,43414,Groceries,321.77,2023-02-10
994,40,Male,56776,Groceries,105.68,2023-02-01
995,63,Female,55379,Healthcare,185.13,2023-01-15
996,60,Female,71694,Healthcare,987.46,2023-03-03
997,64,Male,79654,Healthcare,449.66,2023-06-04
998,62,Female,80935,Groceries,536.55,2023-10-11
999,35,Male,51567,Electronics,874.88,2023-07-28
1000,55,Male,56861,Travel,995.61,2023-11-16
